base_population,city_type,birth_rate,death_rate,migration_rate,health_index,gdp_per_capita,education_index,resulting_population
310711.0,oras-industrial,13.14,8.66,-0.45,0.89,89904.58,0.85,335864
1489405.0,,11.39,11.56,4.3,0.91,46334.18,0.79,1328532
122952.0,oras-modern,14.17,9.74,-1.54,0.91,19025.14,0.87,127322
968395.0,oras-industrial,14.17,7.4,-1.26,0.66,47898.49,0.85,1118490
157315.0,oras-modern,10.34,9.45,9.03,0.54,37175.7,0.77,159837
1935947.0,rural,16.4,9.48,2.73,0.57,36889.49,0.89,2108279
364783.0,oras-industrial,15.06,6.83,-1.31,0.58,21099.8,0.93,400148
1357713.0,oras-modern,14.14,8.02,-0.3,0.84,24756.32,0.72,1453960
127579.0,rural,13.66,10.33,3.07,0.78,44116.52,0.75,119462
1664157.0,oras-modern,13.49,8.39,2.53,0.59,13386.06,0.91,1737024
453242.0,oras-modern,13.87,11.41,0.89,0.73,38267.57,0.82,489464
379564.0,rural,11.49,8.1,-7.04,0.75,17799.9,0.88,407892
740831.0,oras-industrial,7.54,13.19,2.41,0.89,25161.77,0.86,733007
741326.0,oras-modern,11.52,5.63,2.63,0.79,16631.64,0.75,865919
315744.0,,18.65,7.8,0.06,0.69,24037.25,0.88,338644
1224160.0,oras-industrial,12.68,7.53,-0.14,0.97,12147.73,0.73,1114159
844052.0,oras-industrial,9.93,,-5.64,0.75,60823.16,0.94,1019183
609474.0,oras-industrial,11.05,9.27,0.96,0.93,22818.08,0.85,581144
546377.0,oras-modern,9.46,12.45,11.29,0.72,48098.87,0.72,549147
954734.0,oras-modern,3.03,5.03,-0.29,0.51,68678.77,1.0,1021984
679343.0,oras-modern,9.32,6.46,-3.95,0.8,47256.54,0.84,822527
375775.0,oras-modern,13.3,9.62,7.43,0.9,22733.5,0.91,358769
750048.0,oras-industrial,8.62,9.91,4.58,,15262.15,0.74,918011
892633.0,oras-modern,15.87,9.51,-3.84,0.85,,0.74,898862
1309229.0,oras-modern,11.55,7.79,-3.23,0.73,42929.74,0.75,1475687
611745.0,rural,15.59,5.43,5.32,0.68,34130.76,0.75,563224
1015509.0,oras-modern,14.27,8.48,1.32,0.53,16163.64,0.74,1169588
929425.0,oras-modern,9.7,1.79,-0.04,,24172.44,1.0,935364
961308.0,oras-modern,12.13,8.03,-2.48,0.9,23068.63,0.81,835447
859131.0,oras-industrial,12.45,4.08,-2.1,0.9,47874.08,0.76,902491
337752.0,oras-modern,11.06,8.59,6.21,0.92,28145.02,0.83,386702
435835.0,oras-industrial,10.84,5.94,5.61,0.9,10552.4,0.85,440581
537165.0,oras-modern,11.8,6.61,5.39,0.88,51343.99,0.84,601604
1399686.0,oras-modern,,6.17,1.54,0.92,15359.09,0.84,1507254
924375.0,oras-modern,11.95,6.07,4.28,0.91,16761.03,0.92,915004
1650999.0,oras-modern,10.8,9.25,3.32,0.61,21970.64,0.9,1583759
1973576.0,oras-industrial,4.13,7.03,3.67,0.85,43261.34,0.8,2128468
446170.0,oras-industrial,8.92,7.5,4.15,,34955.52,0.76,427972
1995755.0,oras-modern,12.53,5.15,-1.3,0.57,30854.39,0.91,2262138
1424224.0,oras-modern,,9.1,0.37,0.87,24823.13,0.8,1463977
561209.0,oras-industrial,15.32,8.46,6.82,0.96,12441.43,,642448
,oras-modern,13.92,9.92,6.17,0.83,15513.73,0.92,271244
1971877.0,rural,5.18,7.41,4.92,0.67,44265.29,0.82,2248399
1103387.0,oras-modern,12.8,7.17,4.38,0.84,22547.61,1.0,1249204
729115.0,oras-industrial,7.79,5.29,-4.66,0.96,15423.97,0.74,832184
478998.0,rural,9.61,8.46,-3.28,0.97,53346.3,0.8,516771
1799471.0,rural,15.45,6.81,-0.64,,18429.24,0.86,1747855
1175720.0,rural,12.46,8.53,-5.28,0.78,18414.26,0.74,1118894
1237137.0,oras-industrial,10.52,5.17,-3.98,0.79,34903.18,0.88,1263650
1138241.0,oras-industrial,15.99,6.92,3.08,0.98,20470.25,0.92,1055126
1435143.0,oras-modern,10.04,7.37,-1.28,0.83,31207.32,0.83,1710064
1357224.0,oras-modern,16.32,8.51,2.58,0.51,20743.35,0.89,1268071
1568167.0,oras-modern,8.74,8.57,-5.04,0.64,16792.3,0.96,1521916
1889874.0,oras-modern,9.73,7.24,-0.45,0.7,21623.62,0.99,1770842
482428.0,oras-industrial,9.64,10.35,-3.19,0.74,20106.54,0.83,464540
1963039.0,oras-modern,8.9,6.79,10.97,0.65,10935.22,0.92,1804546
1703467.0,rural,8.06,6.71,-7.05,0.61,25130.58,0.93,1679095
1281414.0,oras-industrial,17.72,8.51,-0.97,0.86,21877.64,0.91,1630633
1327443.0,oras-modern,9.31,8.93,1.01,0.58,25030.0,0.86,1381192
442106.0,oras-industrial,13.23,8.83,1.38,0.55,12949.47,0.75,405612
415807.0,oras-modern,13.18,9.41,-1.76,0.71,18895.17,0.78,421691
1043364.0,oras-modern,5.69,8.4,4.17,0.91,14706.86,0.88,1076891
325290.0,oras-industrial,7.73,9.82,9.38,0.88,,,364467
1948680.0,,14.27,7.61,,0.62,56589.7,0.98,2158182
1014792.0,,8.7,10.97,3.19,0.63,40438.65,0.75,1157264
1768236.0,rural,10.56,7.56,-2.3,0.99,12074.0,0.79,1675670
1929149.0,oras-industrial,13.19,11.81,-3.3,0.54,13049.88,0.73,1978451
1125133.0,rural,12.0,7.53,-0.99,0.54,30916.22,0.87,1405694
1204654.0,oras-modern,17.32,4.04,3.04,0.55,10402.03,0.78,1197820
663920.0,oras-modern,7.09,5.75,2.1,0.66,9574.87,0.97,749291
1013372.0,oras-industrial,,10.35,-1.06,0.88,25950.28,0.81,961384
1115289.0,rural,12.38,9.27,5.82,0.95,,0.78,1154373
1674455.0,oras-modern,14.75,7.61,-8.34,0.97,14163.54,0.96,1833795
1099020.0,oras-modern,14.2,7.3,2.17,0.63,,0.81,1098658
776689.0,rural,9.96,4.71,9.73,0.73,13405.72,0.75,703177
,oras-modern,13.35,9.41,3.03,,22244.73,0.98,1188088
575810.0,oras-modern,5.32,8.39,-2.09,0.78,15714.99,0.7,521352
1166759.0,oras-industrial,9.0,9.93,-2.77,0.5,17039.77,0.93,1092783
91904.0,oras-industrial,10.05,5.93,2.26,0.73,37266.18,1.0,92872
25737.0,oras-modern,11.48,8.7,5.21,0.99,30273.18,0.75,24834
1575113.0,oras-industrial,13.51,7.43,-6.07,0.57,19755.71,0.79,1501958
689007.0,oras-industrial,9.42,6.32,5.97,0.61,11982.83,0.87,658432
721713.0,oras-modern,,9.71,5.66,0.64,15944.35,0.79,762864
359361.0,oras-modern,10.69,6.22,2.59,0.93,25611.29,0.86,416646
1133739.0,oras-industrial,16.33,,-4.04,0.94,14153.0,0.97,1214679
1327854.0,oras-modern,13.74,7.12,0.88,0.97,37626.28,0.78,1356833
983039.0,oras-modern,14.21,9.47,-1.14,0.62,33418.18,0.93,1160698
52883.0,oras-industrial,9.59,5.6,-6.16,0.73,17622.6,0.87,54706
1815862.0,oras-modern,12.46,8.62,-6.04,0.69,18973.9,0.98,1653341
1044442.0,oras-industrial,15.72,5.55,-0.24,0.8,16955.59,0.82,1140660
91107.0,oras-modern,13.96,13.57,-6.34,0.65,39356.0,0.99,87081
854792.0,oras-modern,,8.3,-0.03,0.91,21315.19,0.99,912026
1760747.0,oras-modern,14.95,9.31,5.07,0.95,39891.11,0.94,1998880
1849789.0,oras-industrial,,7.65,0.31,,11971.19,0.73,1583484
1466132.0,rural,13.63,9.18,0.08,0.63,20360.39,0.77,1386445
1605121.0,,11.66,7.45,5.07,0.74,14028.1,0.72,1551456
1463090.0,oras-industrial,12.13,6.56,1.28,0.77,14219.47,0.76,1563124
,oras-modern,10.43,10.67,5.72,0.98,13845.85,0.81,537243
402636.0,oras-modern,11.83,10.13,-2.62,0.72,19239.85,0.88,426018
1951374.0,oras-industrial,14.0,7.76,-0.5,0.53,13888.15,0.82,2394636
1922999.0,oras-modern,15.97,7.28,0.53,0.82,28614.57,0.82,1881352
,oras-modern,11.39,7.33,2.31,0.59,13799.08,0.82,1921425
1264508.0,rural,9.39,8.66,-4.51,0.68,5265.09,0.72,1133466
,oras-industrial,17.03,8.09,,0.76,,,662882
788308.0,rural,13.72,12.85,-0.7,0.98,19991.22,0.9,735406
1191660.0,oras-modern,12.42,7.99,0.47,0.58,24716.43,0.8,1104356
1325116.0,rural,9.6,10.96,-0.3,0.93,13927.9,0.88,1287074
1559408.0,rural,9.52,9.96,-5.84,0.51,29437.03,0.86,1717264
1319638.0,oras-industrial,16.41,9.58,4.13,0.52,18000.02,0.81,987568
14359.0,oras-modern,8.77,8.73,8.85,0.74,23302.05,0.74,16067
383516.0,rural,16.55,9.26,1.53,0.79,21112.36,0.93,446272
1228907.0,oras-industrial,,7.81,0.61,0.59,17507.96,0.72,1163394
1994562.0,oras-industrial,9.39,6.55,9.55,0.59,27554.52,0.76,2299293
1199775.0,oras-modern,13.04,9.79,-3.69,0.86,47462.04,0.72,1242689
507479.0,oras-modern,12.98,6.49,2.35,0.65,35210.6,0.79,603695
106261.0,oras-modern,15.0,4.86,-1.85,0.86,15010.27,0.93,78351
1877245.0,rural,12.37,7.75,8.14,0.76,14393.59,0.98,1641737
346845.0,oras-modern,13.65,6.4,4.77,0.68,16935.89,0.97,411725
1324472.0,oras-modern,11.87,,0.77,,16939.09,0.86,1565817
113101.0,oras-modern,16.46,8.28,-1.32,0.99,17021.45,0.85,104797
1264689.0,oras-industrial,16.64,6.78,-1.34,0.69,24062.78,1.0,1470183
1518123.0,oras-modern,17.61,10.15,5.16,0.89,49193.44,0.85,1581948
317768.0,rural,11.6,12.05,-2.39,,32228.73,0.93,318261
1798119.0,oras-modern,10.43,9.9,1.83,0.95,25545.76,0.98,1808791
831565.0,rural,8.9,10.65,-4.03,0.54,19127.36,0.7,1001271
1671654.0,rural,11.35,8.14,-2.6,0.64,12052.28,0.72,1637907
1815688.0,oras-modern,8.19,10.77,3.5,0.76,,0.86,1961183
1239801.0,oras-industrial,,4.82,7.87,,42966.66,0.7,1198703
238138.0,rural,14.35,8.58,-2.44,0.82,12041.8,0.9,246942
1378476.0,oras-modern,12.31,7.16,1.24,0.7,44166.57,0.97,1347766
1702698.0,oras-modern,11.78,8.71,3.68,0.81,23614.62,0.98,2000783
1144504.0,oras-industrial,10.41,6.97,-0.29,0.93,11416.93,0.7,1356635
1659621.0,oras-industrial,10.16,11.51,7.3,0.92,21711.58,0.96,1558954
1137931.0,oras-industrial,,7.17,2.47,0.63,20728.8,0.9,1318678
1677802.0,oras-modern,7.29,8.45,4.11,0.52,12555.22,0.92,1922822
1495474.0,oras-modern,16.03,8.69,6.53,0.62,34277.32,0.87,1698310
857941.0,rural,9.69,3.87,3.52,0.91,21433.22,0.76,869140
222456.0,rural,14.43,9.42,3.66,0.83,53638.1,0.91,231572
1522543.0,oras-industrial,20.63,9.98,5.37,0.56,16705.66,0.8,1772885
29777.0,oras-industrial,11.27,8.3,9.26,0.58,9368.87,0.88,33446
1965319.0,oras-industrial,12.8,6.2,5.44,0.63,21678.76,0.8,1982015
543112.0,rural,7.58,8.9,-2.92,0.93,15160.69,0.86,608569
,rural,9.1,8.87,-0.99,0.7,13309.61,0.74,1541549
,oras-modern,14.52,8.77,2.52,0.67,6827.7,0.72,401086
411059.0,oras-industrial,10.87,7.16,2.8,0.61,18066.06,0.72,411941
345922.0,oras-industrial,,9.45,6.4,0.84,14987.33,0.99,370391
303367.0,rural,14.67,6.55,1.99,0.98,25060.25,0.92,364746
1043359.0,oras-industrial,7.04,8.54,3.42,0.54,18229.47,0.97,945526
1829443.0,oras-modern,9.17,7.86,3.59,0.75,24840.35,0.79,1866266
328714.0,oras-modern,11.29,8.73,,0.95,37368.12,0.87,288828
,oras-modern,15.41,8.53,-0.47,0.63,27085.75,0.86,781481
486378.0,oras-modern,11.13,14.18,-1.19,0.67,23330.07,0.73,426131
455110.0,oras-industrial,19.2,6.68,1.14,0.75,37720.44,0.76,480820
866091.0,oras-industrial,,8.43,3.87,0.57,23742.55,0.88,989825
1150566.0,oras-modern,8.75,7.24,-5.4,0.9,26967.48,0.88,1132136
789507.0,oras-modern,10.6,5.54,3.02,0.63,51450.07,0.81,964746
113483.0,oras-industrial,16.72,4.78,8.98,0.53,17198.61,1.0,95514
388570.0,oras-modern,18.38,6.24,-4.41,0.83,22159.55,0.87,360706
1067830.0,oras-modern,11.19,9.16,4.48,0.77,13262.03,0.9,1102624
843371.0,oras-industrial,12.86,8.9,-0.34,0.96,14900.01,0.95,934969
1536028.0,oras-modern,8.98,10.57,-0.14,0.89,36195.27,0.83,1163862
1090649.0,rural,5.34,4.81,0.7,0.52,11840.61,0.78,1194431
777658.0,oras-modern,9.71,8.94,6.92,0.76,6226.38,0.83,710351
1288483.0,rural,6.56,7.96,-2.6,0.93,27236.93,0.83,1164798
945814.0,oras-modern,12.78,7.44,5.83,0.51,12996.99,0.86,945343
823217.0,oras-modern,6.16,5.48,3.67,0.69,28333.37,0.84,869721
1118146.0,oras-modern,12.3,7.8,2.68,0.92,20814.53,0.92,1206697
1134153.0,rural,10.51,8.1,3.74,0.62,9929.61,0.89,1243714
454572.0,oras-modern,11.14,8.23,0.31,0.51,16130.32,0.74,437465
421522.0,oras-modern,12.56,7.63,4.57,0.67,25952.39,0.77,440021
1614814.0,oras-modern,13.89,9.88,-5.48,0.52,27710.3,0.92,1544509
905139.0,oras-modern,17.94,7.54,-0.36,0.96,29992.31,0.83,1141246
345840.0,oras-industrial,8.19,11.86,5.03,0.93,14693.93,0.86,370419
1801107.0,oras-modern,11.25,7.26,5.28,0.71,60425.64,,1788207
249482.0,oras-modern,12.04,8.04,,0.7,17605.56,0.74,285239
1938619.0,oras-modern,10.44,11.52,-1.97,0.99,39685.34,0.77,1878016
870360.0,oras-modern,10.96,8.56,5.42,0.74,16626.93,1.0,880592
84904.0,oras-industrial,12.03,9.92,1.35,0.72,16639.87,0.92,84849
337982.0,oras-modern,7.98,7.72,-4.13,0.7,24105.74,0.78,272067
1480712.0,oras-industrial,16.13,5.51,2.0,0.66,32803.99,0.89,1647391
356014.0,rural,3.53,7.85,5.63,0.67,14914.24,0.91,371332
373915.0,rural,8.13,7.7,6.56,0.72,15107.55,0.97,431669
1550390.0,rural,12.18,5.67,6.19,0.96,85997.41,0.83,1604160
379314.0,oras-modern,17.78,9.66,3.6,0.94,13905.97,0.78,357679
379131.0,oras-industrial,8.45,6.94,0.1,0.88,19157.8,0.79,387594
383040.0,oras-industrial,10.48,9.63,4.87,0.89,27625.53,0.76,357383
1678660.0,rural,7.8,10.54,4.76,0.71,41233.34,0.97,1932369
1408368.0,oras-modern,14.11,8.7,-2.34,0.79,34338.47,0.89,1464342
774613.0,oras-modern,,10.59,1.35,0.95,8818.79,0.96,730715
1297574.0,oras-modern,12.54,8.76,1.15,0.67,32111.59,0.97,1259243
1919136.0,oras-industrial,14.5,6.88,3.18,0.7,36432.3,0.9,2116583
357893.0,oras-modern,,5.24,5.24,0.63,12532.58,0.95,375977
1218186.0,oras-industrial,8.77,7.81,4.43,0.52,18090.08,0.75,1188848
537574.0,oras-industrial,,8.68,-1.99,,42660.84,0.86,582441
1425514.0,rural,8.89,,3.98,0.64,17276.35,0.87,1399664
1682163.0,,14.91,6.33,-2.51,0.97,25196.02,0.72,1735336
1183893.0,oras-industrial,9.61,8.14,4.83,0.66,19745.08,0.8,1246967
789240.0,rural,7.18,7.63,-1.74,0.94,13454.8,0.98,917191
941232.0,oras-industrial,16.41,7.85,1.97,0.56,27257.76,0.82,1039346
1067216.0,rural,5.57,5.67,3.52,,24712.75,0.75,1206529
443879.0,oras-modern,15.07,9.59,6.98,0.66,13407.33,0.74,545225
1057488.0,oras-modern,10.99,7.7,0.43,0.95,28763.96,0.74,883536
186658.0,rural,14.14,9.1,2.38,0.85,9828.31,0.91,202543
1075328.0,oras-modern,12.69,8.92,3.65,0.67,16574.31,0.74,1223895
1831996.0,oras-modern,14.91,8.23,-0.88,0.74,24848.92,,1907268
1899723.0,oras-industrial,14.29,9.47,-6.63,0.62,7569.49,0.86,1976681
487284.0,oras-modern,14.97,10.45,2.9,0.52,32495.3,0.86,501021
1585861.0,oras-industrial,12.61,7.62,8.42,0.53,23644.34,0.79,1599931
1499798.0,oras-modern,,4.58,2.93,0.91,36333.58,,1578140
938124.0,,11.3,6.94,5.34,0.87,5522.18,0.75,914205
242507.0,oras-industrial,14.96,3.48,11.59,0.83,34255.73,0.94,255473
1123957.0,oras-modern,13.32,7.75,-1.17,0.96,38854.47,1.0,1300808
321412.0,rural,11.71,8.07,-3.54,0.63,23050.79,0.84,321751
1818078.0,oras-modern,15.12,13.43,6.82,0.51,19318.89,0.84,1856533
1384789.0,oras-industrial,9.84,6.84,-3.83,0.96,19327.53,0.99,1513856
859905.0,oras-industrial,18.47,8.08,6.74,0.99,,0.75,833652
96757.0,oras-modern,15.99,6.51,1.47,0.58,15352.76,0.87,92638
632531.0,oras-modern,17.51,5.69,2.77,0.83,21011.49,0.86,593360
1052224.0,oras-modern,12.86,8.43,5.25,0.55,34531.71,0.82,1115732
1227160.0,oras-modern,16.54,6.27,-1.47,0.53,13475.44,0.77,1488548
942112.0,rural,18.19,,2.33,0.68,18049.14,0.77,1124622
993061.0,oras-modern,16.04,7.53,8.12,0.55,38694.6,0.9,1090459
1670173.0,oras-modern,14.06,2.38,-2.47,0.56,38289.51,0.84,1576326
,oras-modern,8.83,6.88,7.0,0.75,18690.78,0.71,385744
644001.0,oras-industrial,11.9,8.56,4.64,0.76,24193.32,0.82,731319
375128.0,oras-modern,13.33,8.16,,0.7,51171.73,0.89,323892
677700.0,oras-modern,7.81,7.98,5.93,0.83,,0.92,718963
6913.0,oras-industrial,,6.84,2.25,0.99,22025.33,0.82,7530
1498878.0,oras-industrial,11.24,6.96,-1.96,0.92,11669.32,0.86,1552651
18429.0,oras-modern,7.72,10.15,1.88,0.88,26321.98,0.83,20623
129349.0,oras-modern,13.87,6.14,-0.19,0.71,19454.05,0.71,135234
281051.0,rural,10.67,7.56,6.91,0.66,13445.78,0.85,368540
1875497.0,oras-industrial,11.62,6.7,3.06,0.79,14419.67,0.87,1742005
1456880.0,rural,11.2,8.08,-4.54,0.65,21894.66,0.86,1376259
120616.0,oras-modern,15.51,10.09,0.3,0.58,28338.17,0.96,138173
675948.0,oras-modern,12.1,5.53,2.44,0.93,22453.74,0.93,765798
1878403.0,oras-modern,7.09,6.32,-3.91,0.56,14873.23,0.82,1798301
1113731.0,oras-industrial,10.65,9.81,4.53,0.99,27384.97,0.83,1223243
650241.0,oras-modern,18.43,11.12,2.07,0.63,42995.61,0.83,661201
1747150.0,oras-modern,12.24,13.31,4.13,0.87,25664.72,0.81,1746851
1316189.0,oras-modern,11.46,6.59,0.7,0.53,14360.12,0.93,1602436
1096871.0,oras-modern,10.51,,7.95,0.9,8594.74,0.97,1120687
79253.0,oras-industrial,12.37,6.46,1.26,0.76,9597.87,0.98,86897
1694415.0,oras-modern,4.64,7.3,2.02,0.98,19920.38,0.84,1692141
170560.0,rural,,4.25,4.66,0.75,18745.41,0.8,177976
698400.0,oras-modern,13.19,6.77,1.25,0.89,11272.96,0.97,704272
1463767.0,oras-industrial,12.69,7.08,8.52,0.62,25580.89,0.95,1350179
633777.0,oras-modern,,7.17,-3.14,0.67,19845.43,0.83,523180
253082.0,oras-modern,8.87,,5.01,0.89,17187.68,0.76,263025
151984.0,,12.94,6.74,3.57,0.94,10995.71,0.83,146186
950590.0,oras-modern,13.96,9.9,0.53,0.55,11101.94,0.96,811990
1397847.0,oras-industrial,12.99,7.61,0.99,0.85,28094.46,0.98,1372132
1855123.0,rural,12.65,7.63,4.84,0.99,42657.91,0.89,1787994
386094.0,oras-industrial,7.47,9.17,2.05,0.97,19020.21,0.98,393489
609271.0,oras-modern,12.47,3.75,0.71,0.68,45699.37,0.86,774842
188645.0,oras-industrial,11.29,7.69,3.69,0.65,17468.28,0.99,230131
,oras-modern,8.98,7.55,1.47,0.57,31635.2,0.92,257799
256009.0,oras-industrial,12.06,6.21,4.37,0.99,27237.22,0.9,220095
462439.0,rural,16.9,7.28,6.54,0.88,45959.48,0.85,560653
1817342.0,oras-modern,12.29,8.47,-7.16,0.81,16100.32,0.85,2076940
1588916.0,oras-modern,11.05,9.44,5.52,0.76,34387.24,0.73,1726029
914528.0,oras-modern,9.48,7.62,2.89,0.9,84858.63,0.85,1093471
1069317.0,oras-industrial,16.31,8.42,-1.23,0.83,22751.08,0.72,968307
848800.0,rural,11.32,5.88,0.42,0.74,9154.61,0.82,916787
1147851.0,oras-industrial,14.4,5.54,-1.54,0.72,8564.54,0.99,1211813
,oras-modern,17.12,8.26,1.76,0.69,19821.54,0.98,302707
272247.0,,,8.68,2.4,0.98,,,284150
651915.0,oras-industrial,12.93,7.55,6.86,0.96,42561.68,0.75,699980
1612914.0,oras-modern,11.26,4.18,0.09,0.67,21172.87,0.85,1677379
399956.0,oras-modern,13.89,10.65,0.6,0.53,45502.56,0.78,474379
1370990.0,oras-modern,6.28,9.18,7.95,0.58,18900.59,0.87,1606541
672939.0,rural,7.9,8.94,4.15,0.8,22667.96,0.74,796539
1387102.0,oras-modern,14.04,7.52,7.26,0.86,21182.08,0.88,1696918
378758.0,oras-modern,12.46,4.08,-0.12,0.93,17114.46,0.82,433026
183877.0,oras-industrial,13.85,10.39,0.6,0.95,11869.23,0.84,199005
1729101.0,rural,13.48,10.12,2.54,0.97,22220.84,0.92,1906094
1187423.0,rural,12.26,6.88,4.26,0.99,61062.22,0.95,981240
744883.0,oras-modern,11.68,,8.64,0.89,45472.14,0.87,784853
560040.0,oras-modern,11.64,4.78,4.03,0.87,24981.99,0.98,604703
1929107.0,oras-modern,12.13,5.74,-2.02,0.67,38874.81,0.78,2121479
215536.0,oras-modern,7.09,7.59,0.49,0.96,24509.87,1.0,229529
1125468.0,oras-modern,9.26,,3.83,0.57,11348.12,0.91,1060063
1611794.0,oras-industrial,11.07,6.47,4.61,0.77,37590.35,0.73,1885275
51774.0,oras-modern,10.07,10.33,-3.34,0.73,39112.92,0.73,57406
1344371.0,oras-modern,9.95,6.06,-2.26,0.95,10228.44,0.75,1101490
1378605.0,oras-industrial,11.94,7.57,6.91,0.82,45817.14,0.96,1573177
152069.0,oras-modern,13.76,8.58,2.71,0.69,9982.47,0.94,153585
1511972.0,oras-industrial,14.15,10.69,0.24,0.55,41853.05,0.87,1734945
,rural,13.71,2.84,0.07,0.64,37058.11,0.76,2163433
1937776.0,oras-industrial,14.54,4.94,3.22,0.75,32827.34,0.91,1952962
1652362.0,rural,10.62,6.46,8.84,0.7,54269.85,0.95,2058603
68003.0,oras-industrial,14.39,6.18,-2.51,0.97,44845.32,0.85,77053
1401691.0,oras-modern,15.96,8.52,-1.49,0.8,21058.18,0.91,1330167
1480801.0,oras-industrial,11.1,8.04,-0.36,0.85,9057.53,0.73,1405538
1228319.0,oras-modern,,7.47,-3.39,0.8,20332.38,0.92,1101298
1046205.0,oras-modern,9.93,3.92,-1.6,0.7,29858.89,1.0,1119645
1516731.0,rural,13.61,8.19,2.35,0.53,9935.98,0.77,1782329
809014.0,rural,,10.07,6.88,0.52,42188.46,0.92,897663
821276.0,rural,,4.56,0.81,0.83,45844.93,0.98,688944
1138493.0,oras-industrial,9.07,10.31,-1.85,0.85,19341.85,0.77,1088150
1092005.0,oras-industrial,12.62,12.04,5.12,0.59,12205.56,0.88,1214359
1397195.0,rural,13.03,2.69,3.35,0.82,7945.35,0.94,1334770
1916331.0,oras-modern,17.93,8.99,5.33,0.51,33656.94,0.74,2240652
87727.0,oras-modern,10.28,8.7,1.69,0.72,16645.93,0.75,81077
1376529.0,rural,13.34,6.79,2.94,0.64,37709.3,0.79,1463913
662481.0,oras-industrial,17.32,11.96,3.8,0.94,13926.75,0.88,637279
705713.0,oras-modern,14.92,7.12,-0.51,0.65,18487.55,0.88,820188
1052447.0,oras-modern,16.25,9.09,-0.02,0.7,21248.16,0.79,1081465
1798923.0,oras-modern,,5.34,10.36,0.58,,0.94,1702494
664246.0,oras-modern,12.93,6.13,-0.25,0.57,22065.47,0.78,685846
,rural,11.83,11.14,-3.01,0.67,38597.82,0.74,1728564
1272634.0,rural,16.88,7.06,10.06,0.87,23381.55,0.82,1398856
741108.0,rural,10.25,3.94,-2.31,0.53,45449.43,0.94,737618
1129099.0,oras-modern,9.11,11.1,-2.68,0.53,7237.63,0.88,1026899
1825447.0,oras-modern,13.19,8.6,0.73,0.91,22863.83,0.85,1926778
118417.0,rural,12.31,6.05,9.97,0.76,53062.81,0.88,144121
1442066.0,oras-industrial,11.89,10.29,-0.65,0.93,22134.68,0.97,1341996
,oras-modern,18.64,6.19,1.98,0.81,11168.7,0.85,1099752
1135695.0,oras-modern,8.91,5.88,2.58,0.54,35399.57,0.74,1125299
497967.0,oras-modern,10.84,8.37,9.63,0.59,33345.69,0.88,495149
1189829.0,oras-modern,13.62,5.64,2.83,0.72,55007.57,0.88,1220361
48349.0,oras-modern,10.75,7.0,7.68,0.59,11095.53,0.79,51550
1048500.0,oras-modern,9.84,8.16,-0.3,0.93,28493.61,0.76,1134982
212650.0,oras-industrial,8.17,8.85,0.52,0.99,39010.87,0.82,192513
178986.0,oras-modern,,12.88,4.47,0.81,17119.8,0.86,195591
1255392.0,oras-industrial,14.28,6.72,2.06,0.82,20431.16,0.88,1439743
601001.0,oras-modern,15.57,11.4,3.51,0.94,24013.45,0.82,593538
511501.0,oras-modern,,5.6,-2.87,0.84,14230.08,0.76,532714
1248368.0,rural,12.33,9.8,-4.56,0.69,50889.88,0.96,1292583
1255047.0,oras-modern,8.56,8.1,4.24,0.62,59719.43,0.83,1526225
1960876.0,rural,12.29,7.49,4.56,0.7,33719.81,0.95,1802887
383624.0,oras-modern,9.24,6.76,5.87,0.98,27415.41,0.95,348396
1038675.0,oras-modern,15.29,,11.41,0.54,9064.88,0.87,921395
314538.0,,18.73,8.31,2.84,0.55,74464.3,0.93,355008
1258573.0,rural,15.01,7.51,3.43,0.83,24506.85,0.86,1405733
268038.0,oras-modern,10.83,8.6,2.46,0.8,25423.68,0.95,319984
592701.0,oras-industrial,15.19,10.14,2.93,0.87,14576.81,0.86,549140
1173638.0,oras-modern,9.7,11.1,-3.62,0.95,22217.86,0.72,1152930
,oras-modern,16.09,6.08,4.01,0.76,32043.57,0.85,1492576
1476934.0,rural,11.31,9.39,0.5,0.68,17733.96,0.96,1651181
1348624.0,oras-industrial,,11.41,,0.76,16857.09,0.84,1487193
1997893.0,,13.52,9.55,-0.26,0.59,23637.33,0.94,2425756
437257.0,oras-industrial,15.21,9.37,-0.33,0.95,19843.2,0.7,575990
1899609.0,oras-industrial,14.38,,4.99,0.84,50085.54,0.98,1864357
620792.0,oras-modern,14.14,8.26,3.7,0.94,14288.08,0.93,634249
117931.0,oras-modern,14.38,13.95,8.02,0.65,15069.61,0.74,130456
1657088.0,oras-industrial,8.24,7.44,0.31,0.95,31435.06,0.9,1716389
336099.0,oras-modern,10.66,8.64,0.83,0.58,27854.11,0.74,339786
349232.0,oras-modern,10.53,7.29,-2.94,0.69,7840.02,0.94,325626
1583868.0,oras-modern,13.66,7.49,1.17,0.54,27405.8,0.72,2054973
433836.0,oras-industrial,11.3,6.66,0.12,0.81,32949.52,0.76,422262
902200.0,oras-modern,15.13,7.04,5.61,0.62,32550.45,0.86,837052
571809.0,oras-industrial,12.63,7.19,3.97,0.62,8056.99,0.81,551493
746699.0,oras-industrial,13.89,7.54,-1.04,1.0,9522.08,0.81,621788
848623.0,oras-modern,20.2,11.86,5.16,0.62,10453.06,0.8,912427
1635716.0,rural,14.0,7.63,-2.39,0.76,10921.05,0.72,1652828
106490.0,rural,8.65,8.47,-4.51,0.81,31040.83,0.75,110360
289446.0,oras-modern,12.34,8.78,-3.9,0.98,42254.44,0.82,351957
1533861.0,oras-industrial,9.02,8.18,5.42,0.97,,0.85,1680858
612985.0,oras-industrial,13.59,6.04,6.52,0.71,40439.28,0.71,595260
581801.0,oras-modern,12.72,8.27,6.92,0.56,29592.63,0.96,624800
1815578.0,oras-modern,8.61,6.43,-7.34,0.6,53559.75,0.85,2009998
,oras-modern,13.71,7.57,9.26,0.51,9894.44,0.71,197569
1172581.0,oras-modern,11.44,8.02,-0.68,0.5,30446.94,0.86,1275108
1598853.0,oras-modern,13.92,9.43,-1.87,0.89,43987.38,0.92,1769580
1187210.0,oras-industrial,11.4,,5.93,0.68,32587.01,0.79,1210347
,rural,11.15,9.64,2.27,0.82,34711.17,0.95,616055
161556.0,oras-industrial,12.86,7.82,6.77,0.78,25336.37,,189686
1025460.0,oras-industrial,9.79,4.32,8.43,0.94,13990.44,0.97,1098585
1263357.0,rural,7.88,3.52,1.94,0.79,26944.52,0.87,1315960
1932933.0,rural,6.62,8.94,-6.94,0.56,14751.99,0.81,1850043
968906.0,oras-industrial,16.21,6.08,7.34,0.94,17563.03,0.8,965562
98807.0,oras-modern,11.7,6.97,7.55,0.86,24637.77,0.71,110569
1567715.0,oras-modern,6.75,6.2,-5.22,0.65,14218.04,0.7,1704411
1589469.0,oras-industrial,13.65,5.86,7.0,0.88,10276.82,0.71,1772756
1938735.0,oras-modern,12.11,10.2,-0.0,0.7,28726.61,0.79,2286702
1442223.0,oras-modern,8.95,8.62,-0.69,0.93,53300.56,0.93,1433077
1774419.0,oras-industrial,13.75,8.13,-1.44,0.75,28087.66,0.73,1860380
1147422.0,oras-industrial,11.29,7.77,-5.46,0.8,34680.57,0.81,1203411
1442086.0,oras-modern,11.27,7.01,3.42,,21260.35,0.85,1414246
197145.0,rural,10.96,8.39,,0.92,52104.25,0.79,181681
1175118.0,oras-modern,10.09,9.74,9.33,0.75,57406.0,0.78,1091175
628559.0,oras-modern,8.83,7.04,2.7,0.57,23797.29,0.77,659303
238746.0,oras-modern,15.72,10.07,0.88,0.52,48288.17,0.97,295314
1423076.0,oras-modern,12.74,6.71,8.49,0.68,44882.25,0.78,1704778
1338291.0,rural,9.7,6.51,0.3,0.98,18292.01,0.86,1387804
1742137.0,oras-modern,10.56,10.49,4.0,0.92,47451.99,0.75,1732686
83633.0,oras-industrial,16.17,10.04,7.25,0.81,9301.36,0.85,104332
1141733.0,rural,14.79,8.21,-0.3,0.74,18572.89,0.95,1132707
526390.0,oras-industrial,17.22,8.99,0.33,0.98,18528.01,0.79,609227
1530141.0,oras-modern,8.97,5.93,-1.67,0.98,9784.29,0.71,1638271
787537.0,oras-modern,17.57,7.67,5.34,0.76,18028.98,0.86,834676
836321.0,oras-industrial,16.06,7.15,5.47,0.58,43207.99,0.93,833531
351610.0,oras-modern,11.71,9.82,-3.33,0.77,23444.77,0.95,383059
363880.0,oras-modern,,9.17,2.07,0.69,29072.15,0.89,400528
1395555.0,oras-modern,12.54,11.63,3.33,0.87,13173.51,0.8,1344321
1922257.0,oras-modern,12.04,8.96,1.05,0.71,20985.34,0.92,1947945
483748.0,oras-modern,10.52,4.91,1.68,0.51,60607.35,1.0,472060
807795.0,rural,15.98,7.21,4.21,0.91,32154.74,0.86,783669
1471577.0,rural,12.56,8.96,5.98,0.9,31707.37,0.72,1482385
454129.0,oras-modern,,6.69,-0.31,,13171.79,,474223
1116994.0,oras-modern,14.22,7.49,3.51,0.91,34009.38,0.84,1117340
434952.0,oras-industrial,13.61,7.49,-2.0,0.52,22384.76,0.71,396717
1930078.0,oras-modern,15.66,8.36,3.12,0.88,27974.34,0.94,1824107
726936.0,oras-modern,12.28,8.05,3.13,0.73,36651.2,0.82,793917
601074.0,oras-industrial,7.26,9.76,0.12,0.57,27845.63,0.88,593225
62508.0,oras-modern,14.4,7.41,2.88,0.55,31418.63,0.75,71242
620006.0,oras-industrial,9.18,7.69,7.55,0.84,12381.22,0.84,598839
930208.0,,11.91,7.19,3.67,0.82,16393.33,0.77,944651
339452.0,oras-modern,6.23,10.39,-0.41,0.55,30378.01,0.79,358476
1026119.0,oras-modern,11.7,8.69,2.78,0.77,17828.16,0.71,895060
833611.0,oras-industrial,8.65,9.2,-1.66,0.96,20588.88,0.99,895963
555195.0,oras-modern,11.76,8.17,5.64,0.9,17108.22,0.83,539560
705552.0,oras-modern,12.78,7.74,5.99,0.98,19602.91,0.97,766301
,rural,10.83,5.77,1.84,0.9,29505.87,0.8,1234434
1836771.0,oras-modern,10.71,9.36,5.72,0.83,9544.67,0.89,1880964
1998821.0,oras-modern,10.82,6.24,1.98,0.96,31846.36,0.85,2219487
777846.0,oras-industrial,12.12,7.19,-2.56,0.84,10965.54,0.99,838492
329695.0,oras-industrial,10.37,8.3,9.46,0.75,35102.06,0.79,327275
242728.0,oras-modern,16.1,8.59,1.89,0.55,55417.18,0.97,269377
400411.0,oras-modern,9.81,9.41,-1.2,0.71,9623.46,0.99,428298
1451472.0,oras-modern,9.1,3.76,-1.57,0.59,18328.88,0.94,1609788
453967.0,oras-industrial,14.21,11.55,6.37,0.94,20653.29,0.83,466684
686047.0,oras-industrial,14.29,6.24,-7.52,0.71,12314.03,0.95,848950
843669.0,oras-modern,11.36,6.07,3.19,0.74,14085.84,0.78,845851
364738.0,oras-modern,11.42,5.96,4.33,0.88,25176.43,0.91,326879
387545.0,oras-industrial,5.35,5.43,2.03,0.93,16445.28,0.92,377350
829440.0,oras-modern,13.7,8.73,2.18,0.69,16991.87,0.87,867444
670460.0,oras-modern,5.45,4.47,1.04,0.7,17894.35,0.99,672140
327487.0,oras-modern,12.27,,0.76,0.57,19031.65,0.8,395469
,oras-industrial,16.11,10.24,8.13,0.73,9086.03,0.82,46966
759396.0,oras-industrial,12.44,5.97,0.43,0.64,14903.81,0.75,787948
714540.0,oras-modern,12.57,10.44,5.25,0.58,33121.89,0.91,889755
455841.0,oras-modern,11.49,9.39,0.76,0.75,24590.38,0.9,434335
1885864.0,oras-modern,17.39,5.39,-0.1,0.7,11997.17,0.75,1616976
1667378.0,oras-industrial,15.98,10.27,-0.46,0.85,,0.72,1450621
1786518.0,rural,7.81,7.27,,0.82,25749.4,0.95,1679109
157022.0,oras-modern,13.33,8.58,4.3,0.64,14872.68,0.94,138976
932004.0,oras-industrial,11.71,8.76,-0.14,0.94,16788.98,0.83,1234930
1814684.0,oras-modern,7.95,8.01,-5.07,0.8,35890.93,0.93,2081259
1807194.0,rural,8.2,6.73,3.87,0.64,46402.36,0.89,1646710
581836.0,oras-modern,9.9,8.77,1.89,0.55,22632.65,0.97,710614
313758.0,oras-industrial,15.28,10.57,9.12,0.89,53581.31,0.72,311499
1173611.0,rural,12.75,10.37,1.87,0.72,22812.51,0.78,1125081
,oras-industrial,14.64,6.91,3.74,0.96,21853.03,0.93,702242
1889755.0,oras-modern,12.37,9.74,-4.69,1.0,37900.66,0.94,2088502
1611279.0,oras-industrial,13.61,8.28,-1.58,0.88,,0.98,1626765
1590096.0,oras-modern,12.87,7.71,2.1,0.52,13643.31,0.98,1740809
1988037.0,oras-industrial,13.16,6.19,5.42,0.87,56922.98,0.73,2405607
634389.0,oras-industrial,8.03,3.98,1.45,0.87,16317.13,0.88,622459
1157517.0,oras-modern,15.88,7.9,-4.47,0.74,14479.43,0.98,1057739
849032.0,oras-industrial,9.69,9.12,7.78,0.78,22186.83,0.79,938498
163856.0,rural,5.41,8.47,4.16,0.88,15973.29,0.84,141828
1228887.0,,8.24,6.77,3.54,0.64,31906.72,0.82,1223597
1822039.0,oras-modern,10.85,7.46,-0.91,0.69,49005.03,1.0,1681973
1545021.0,oras-modern,,11.59,5.78,0.98,71145.61,0.85,1570387
1943571.0,rural,12.33,6.39,5.91,0.51,29505.52,0.84,1748764
374668.0,rural,18.26,11.15,0.15,0.79,14582.88,0.99,409463
44335.0,oras-modern,,8.41,2.84,0.76,12441.74,1.0,54402
1484004.0,oras-modern,12.84,8.61,-4.1,0.98,13230.17,0.71,1605001
188213.0,oras-modern,9.3,7.55,7.29,0.91,13868.63,0.9,191993
1247394.0,oras-industrial,9.83,,3.0,0.83,23224.68,0.97,1208931
169426.0,oras-modern,12.7,8.54,0.5,0.74,35579.89,0.86,133717
1002172.0,oras-industrial,10.57,11.53,-1.75,0.92,22054.26,0.86,1063371
452470.0,oras-industrial,8.17,10.45,0.69,0.63,57408.72,0.92,547315
274745.0,oras-industrial,16.37,8.14,1.99,0.87,16459.59,0.95,282157
1605731.0,rural,11.4,9.0,3.15,0.57,28229.95,0.98,1769414
278203.0,rural,10.85,8.35,1.32,0.97,35959.56,0.73,222121
1119851.0,oras-modern,10.15,7.01,3.4,0.81,12680.36,0.93,1182797
419482.0,oras-modern,17.32,7.43,1.39,0.6,12057.67,0.82,381012
753917.0,oras-industrial,12.37,7.01,6.8,0.82,13450.24,0.72,840259
1190058.0,rural,14.39,7.0,-5.92,0.84,28035.91,0.91,1120521
1364411.0,rural,12.18,9.27,4.87,0.74,42160.16,0.73,1288965
1757734.0,oras-industrial,17.56,13.79,4.07,0.68,15677.34,0.94,1798115
1135933.0,oras-modern,8.71,5.39,1.47,0.86,18062.15,0.76,1323749
1385154.0,oras-modern,11.18,8.82,0.3,0.58,51308.7,0.73,1645606
623411.0,oras-modern,15.89,7.9,-0.27,0.68,20771.93,0.9,636162
1727167.0,oras-industrial,10.72,7.67,-4.36,0.65,21416.68,0.96,1633889
14724.0,oras-modern,8.2,9.7,-5.2,0.57,34459.51,,13062
776068.0,oras-modern,15.26,10.09,-1.95,0.83,23809.71,0.83,819299
814746.0,oras-modern,6.81,7.7,0.56,0.83,19245.94,0.9,889748
1775413.0,rural,11.78,8.83,-0.05,0.95,25543.05,,1888166
556767.0,rural,17.93,10.72,7.01,0.69,12102.21,0.95,699307
,oras-industrial,9.25,7.41,4.01,0.54,15316.95,0.71,1375983
1720526.0,rural,8.42,9.82,0.13,0.7,9722.13,0.89,1733937
715122.0,oras-industrial,15.52,7.07,4.47,0.73,11864.27,0.9,633193
1785789.0,oras-modern,11.82,5.88,1.33,0.57,26578.73,0.98,1813215
997048.0,oras-modern,,10.78,-3.46,0.96,21805.96,0.86,992678
,,8.23,7.95,-6.99,0.51,22112.36,0.91,1860337
1072067.0,rural,6.66,7.5,0.65,0.68,19853.64,0.96,1113074
19672.0,oras-modern,9.78,5.02,7.17,0.68,,0.79,20510
883234.0,rural,13.65,7.16,-1.36,0.99,31260.27,0.9,846706
100868.0,oras-modern,19.13,9.93,0.86,0.62,37731.04,0.93,105238
746539.0,oras-modern,10.14,5.7,0.3,0.79,12562.4,0.76,725525
672194.0,oras-industrial,12.58,9.6,-4.65,0.96,53122.38,0.95,671802
1267513.0,oras-industrial,8.09,6.27,-4.25,0.64,28010.98,0.87,1386871
460786.0,oras-modern,14.53,6.35,-0.12,0.76,29528.28,0.87,422152
,oras-modern,15.61,7.88,1.74,0.88,21678.72,0.81,92980
848052.0,oras-industrial,9.34,,3.65,0.6,42138.45,0.73,992416
219797.0,rural,12.92,7.14,4.93,0.99,22526.17,0.91,204224
1363713.0,oras-modern,9.1,8.02,-0.19,0.53,23835.25,0.81,1086475
1422766.0,oras-modern,,5.81,-1.93,0.75,22148.72,0.86,1734617
1942063.0,oras-modern,15.28,5.53,4.6,0.81,31129.33,0.99,2257541
135061.0,oras-industrial,12.35,8.36,0.63,0.6,9175.88,0.78,146991
1906447.0,rural,14.24,,-0.31,0.82,10013.81,0.74,2125995
1593216.0,,12.71,8.14,4.22,0.61,48450.25,0.74,1821495
805729.0,oras-industrial,10.29,7.03,2.42,0.6,23320.85,0.81,782874
1190544.0,rural,18.09,10.01,5.58,0.73,19761.59,0.98,1159287
1589867.0,oras-modern,7.6,9.7,-0.97,0.95,45312.19,0.8,1630070
1913486.0,oras-industrial,11.49,10.22,0.42,0.91,18491.58,0.71,1975805
1863769.0,oras-industrial,11.7,7.78,4.84,0.74,28531.47,0.91,1805671
178511.0,oras-industrial,12.72,11.33,0.0,0.96,27048.84,0.92,208912
134492.0,oras-modern,10.84,7.58,1.38,0.72,14675.19,0.94,127800
1157473.0,oras-industrial,11.75,9.39,-5.19,0.86,20875.66,0.85,1370119
611146.0,oras-modern,9.27,8.14,3.75,0.74,49031.81,0.87,685890
625092.0,rural,11.2,9.17,7.47,0.77,33880.64,,669477
,oras-modern,13.68,7.65,-1.97,0.91,38100.63,0.83,392149
1105856.0,oras-industrial,10.21,6.94,6.51,0.86,19440.83,0.86,1209705
1945338.0,oras-industrial,15.73,9.54,3.74,0.71,15734.73,0.88,1820658
434805.0,oras-industrial,11.69,7.8,-3.08,0.91,46857.7,0.7,508171
351775.0,oras-industrial,,10.05,2.59,0.88,16111.97,1.0,351664
1979552.0,rural,7.36,5.75,-3.03,0.9,13471.46,0.83,1916383
989068.0,oras-industrial,10.49,9.06,3.31,0.65,26100.06,0.88,1074580
,oras-industrial,13.64,5.36,6.46,0.89,14734.62,0.76,1651048
1378164.0,oras-industrial,13.34,8.61,-3.45,0.71,20075.72,0.92,1537795
335033.0,rural,18.29,7.07,5.37,0.75,16243.35,0.82,300712
228575.0,rural,13.99,8.93,-3.02,0.65,16942.55,0.82,205343
1141158.0,oras-modern,14.16,10.49,-4.27,0.63,15180.1,0.89,1241658
405950.0,oras-industrial,17.39,11.82,2.53,0.52,26250.57,0.71,370588
226337.0,oras-modern,17.03,5.08,4.14,0.73,39757.79,0.78,250098
1344156.0,oras-industrial,14.08,7.89,1.35,0.53,15588.91,0.97,1183884
1339625.0,oras-industrial,16.4,8.4,-0.34,0.87,13750.96,0.92,1461606
31981.0,oras-modern,11.66,8.03,-4.89,0.82,87025.56,0.9,32430
867905.0,,20.76,8.98,6.41,0.65,12458.15,0.83,1035205
1623327.0,oras-industrial,6.03,,10.87,0.54,46085.39,0.78,1635486
233763.0,rural,7.38,6.7,4.98,0.61,29361.49,0.95,231791
595877.0,oras-industrial,17.15,2.88,-3.99,0.52,23166.91,0.91,625625
286505.0,oras-modern,,10.67,1.74,0.95,10922.74,0.88,334956
26875.0,oras-modern,12.98,6.88,0.9,0.71,10926.86,0.7,24149
828093.0,oras-modern,7.6,8.35,-0.24,0.8,23748.99,0.76,780600
663039.0,oras-modern,11.76,10.66,-5.06,0.66,52355.48,0.77,776690
1654587.0,rural,12.37,11.28,3.23,0.76,24005.42,0.71,1667914
730846.0,oras-modern,11.01,9.44,5.23,0.77,25336.86,0.82,828242
1478014.0,oras-modern,10.26,8.9,1.14,0.86,17459.84,0.93,1563947
656271.0,oras-modern,6.39,6.43,0.15,0.74,8621.09,0.81,473846
,rural,18.23,6.67,3.89,0.65,21429.88,0.85,1375694
614265.0,oras-modern,17.89,6.5,3.65,0.66,17306.51,0.82,686986
1346577.0,rural,9.72,9.18,6.38,,11028.98,0.76,1513650
1879614.0,rural,8.43,12.23,0.73,0.89,10112.51,0.96,2061804
1811208.0,oras-modern,7.3,8.72,-0.98,0.66,15484.36,0.98,1921279
1447643.0,rural,12.9,7.21,-4.77,0.83,12516.21,0.94,1119097
784640.0,oras-industrial,11.02,5.73,-1.04,0.88,47139.82,0.82,864994
10028.0,oras-modern,11.4,6.57,-9.24,0.59,24863.49,0.95,9738
1466969.0,oras-modern,,9.99,3.68,0.85,13210.44,0.96,1382615
1700605.0,oras-modern,14.9,5.76,-5.19,0.79,20312.12,0.76,1822749
1093496.0,rural,10.79,6.82,5.48,0.76,31644.03,0.78,1043272
385163.0,oras-industrial,,6.42,4.13,0.71,15189.85,0.8,392440
226310.0,oras-industrial,18.14,9.57,7.97,1.0,,0.92,238528
846514.0,oras-industrial,13.62,7.86,0.02,0.9,39354.87,0.78,876924
996809.0,oras-modern,11.83,4.47,-1.55,0.55,13228.13,0.83,999247
813468.0,oras-modern,,6.82,9.03,0.67,41502.72,0.71,764144
1545900.0,,8.33,6.66,4.4,0.77,15576.69,0.84,1656233
1616076.0,oras-industrial,10.61,9.83,4.43,0.89,10105.47,0.75,1551401
1564504.0,oras-modern,15.68,5.87,0.93,0.85,27494.98,0.74,1267492
1135608.0,oras-industrial,,5.91,-2.39,0.67,12268.23,0.78,984527
1481527.0,,10.38,4.21,0.85,0.94,19705.18,0.92,1660078
1660434.0,oras-modern,16.69,9.83,-0.47,0.77,29469.4,0.83,1752183
1287285.0,oras-modern,13.76,9.24,-0.36,0.93,16060.28,0.9,1473668
1317104.0,rural,12.4,6.5,-0.36,0.94,25267.71,0.97,1459728
1034086.0,rural,15.44,6.91,-3.4,0.81,36287.01,0.89,949182
527075.0,oras-industrial,11.49,4.82,11.15,0.57,8184.34,0.86,540404
1657267.0,oras-modern,10.09,7.23,-5.59,0.8,15534.48,0.86,1836821
594887.0,oras-modern,14.83,7.04,2.44,0.51,23413.1,0.88,625409
,oras-modern,13.92,8.88,4.73,0.82,23523.38,0.97,393762
205596.0,rural,12.14,5.94,1.27,0.6,27613.81,0.93,196429
318798.0,oras-industrial,11.72,6.84,-3.23,0.93,18747.39,0.91,283965
67729.0,oras-industrial,16.35,8.16,3.51,0.54,25567.19,0.77,65812
1368388.0,oras-modern,11.76,7.1,-2.54,0.65,46408.93,0.83,1369322
1295843.0,rural,9.5,9.22,9.5,0.5,10329.42,0.83,1326782
1859063.0,oras-modern,13.67,9.08,6.75,0.96,16521.71,1.0,1817898
706859.0,oras-modern,12.44,10.15,1.49,0.94,26376.92,0.7,625253
498907.0,oras-modern,14.36,9.54,0.93,0.62,5997.35,0.94,528327
883412.0,oras-modern,7.99,6.03,4.51,0.56,20817.86,0.86,906448
1009818.0,oras-modern,10.32,7.71,1.13,0.77,20798.31,,971334
41209.0,oras-industrial,14.05,8.89,6.93,0.76,20600.53,0.89,41190
1192658.0,oras-industrial,16.4,4.65,3.74,0.73,32642.1,0.78,1268581
851050.0,oras-modern,12.18,8.41,-8.05,0.75,27817.09,0.73,792965
1132649.0,oras-industrial,12.38,8.98,1.61,,60311.67,0.89,1416467
318259.0,oras-industrial,6.17,7.7,7.94,0.97,17030.11,0.95,252481
1649163.0,oras-modern,,5.32,1.66,,17344.46,0.71,1937513
1990420.0,oras-modern,12.77,7.61,-2.89,0.85,17506.71,0.78,2354771
209004.0,rural,11.36,10.06,3.61,0.95,31629.1,0.89,223574
1811138.0,oras-modern,11.34,9.79,1.12,0.82,28926.51,0.97,1970598
582409.0,oras-industrial,10.48,,-1.57,0.87,45736.71,0.82,585615
1068281.0,oras-industrial,13.41,6.58,-2.31,0.81,29189.64,0.74,1023517
716808.0,oras-industrial,11.71,4.23,5.31,0.69,11216.93,0.89,719787
747183.0,oras-modern,17.11,8.26,6.51,0.72,11487.0,0.75,862057
,oras-modern,14.57,7.91,-6.07,0.79,9142.79,0.97,1549381
1078850.0,oras-industrial,9.23,3.41,3.67,0.62,14749.72,0.96,1009839
87212.0,oras-industrial,9.38,5.97,6.85,0.54,40974.93,0.72,98388
560363.0,rural,10.08,8.3,-0.31,0.85,81024.16,0.93,550056
784077.0,oras-industrial,,,-0.84,0.74,20256.51,0.8,802922
1035278.0,oras-modern,11.59,9.09,1.07,0.62,21067.61,0.7,1070039
58251.0,oras-industrial,13.91,,-7.26,0.72,25543.02,0.86,60431
862314.0,oras-industrial,10.26,7.01,0.73,0.52,10169.29,0.94,1044606
552705.0,oras-modern,8.67,8.43,3.92,0.74,15967.01,0.77,606249
1543492.0,oras-modern,10.13,8.54,7.81,0.82,16628.19,0.85,1518778
1329449.0,oras-industrial,9.67,9.2,-2.25,0.82,16303.52,0.71,1521478
1208484.0,rural,9.63,8.59,-0.61,0.61,9424.94,0.76,1235795
585420.0,oras-modern,14.34,8.41,2.89,0.69,21726.96,0.78,646161
598946.0,oras-modern,,7.52,2.59,0.74,31785.32,,701040
857704.0,oras-industrial,16.93,6.77,1.21,0.98,20495.04,0.95,912950
1735808.0,oras-industrial,13.25,10.29,-1.28,0.69,24574.78,0.87,1966166
1418485.0,oras-industrial,10.31,8.35,1.71,0.73,23927.39,0.94,1394595
613179.0,oras-industrial,16.42,12.14,3.37,1.0,10727.6,0.77,654071
1720401.0,rural,9.92,11.13,7.46,0.54,57108.89,0.78,1605746
,oras-modern,7.32,11.69,-3.09,,17264.05,0.92,84353
373837.0,oras-modern,,9.63,3.91,0.6,33608.19,0.78,427082
771881.0,oras-industrial,12.39,9.88,-2.19,0.54,13535.83,0.91,791713
760335.0,oras-industrial,10.81,10.26,4.33,0.95,28898.51,0.92,776265
523781.0,rural,11.67,7.82,3.6,,9360.19,0.73,487829
1349094.0,rural,15.21,10.35,4.24,0.9,46409.58,0.92,1279704
416720.0,oras-industrial,8.04,5.35,2.5,0.96,15703.08,0.71,431866
1361022.0,oras-industrial,12.29,9.63,-1.5,0.98,7275.82,0.93,1312937
1437404.0,oras-modern,12.84,8.71,7.6,0.66,13701.81,0.73,1473972
194575.0,,9.22,10.33,0.24,0.62,16536.64,0.71,174454
907851.0,,9.03,9.41,-0.37,0.8,10100.9,0.86,843268
282979.0,rural,,,2.91,0.78,40511.56,0.84,305082
1978868.0,oras-modern,13.78,7.48,-1.42,0.95,16355.8,0.93,2012153
1892555.0,oras-industrial,12.0,7.15,-2.28,0.72,7444.8,0.77,1745034
895982.0,oras-modern,9.5,6.36,1.36,1.0,11411.7,0.98,1145039
1602268.0,oras-modern,14.96,7.29,-1.23,0.87,22327.39,0.95,1665861
949455.0,oras-modern,13.55,11.13,0.41,0.93,27229.09,0.82,1026069
,oras-modern,11.38,7.58,5.75,0.8,23552.75,0.99,243493
1615975.0,rural,14.63,11.31,5.69,0.87,8202.83,0.78,1894901
466056.0,rural,13.79,6.42,-3.52,0.94,,0.78,366251
279053.0,oras-modern,6.11,8.97,-2.21,0.9,26850.93,0.79,293590
893155.0,rural,10.46,7.09,0.35,0.77,17415.02,0.89,900180
628723.0,oras-modern,13.02,9.06,7.48,0.96,23683.22,0.76,669515
626470.0,oras-industrial,9.07,6.26,1.71,0.6,25051.03,0.97,737502
1198929.0,,13.46,9.68,3.44,0.62,25593.51,0.88,1138015
154459.0,rural,12.61,6.84,6.28,0.82,8572.04,0.98,142233
852367.0,oras-modern,13.11,8.63,5.07,0.93,13381.65,0.97,938471
1769501.0,oras-modern,10.24,7.43,-0.96,0.57,16585.17,0.85,1603747
1555309.0,oras-industrial,6.17,9.76,0.6,0.79,41431.08,0.8,1592419
1929572.0,oras-industrial,18.36,,-3.0,0.93,34430.19,0.97,1907125
1067280.0,oras-industrial,13.81,8.18,3.37,0.72,19747.2,0.99,1060738
711219.0,rural,16.27,6.83,-1.84,0.67,22821.84,0.96,700089
1194422.0,oras-modern,11.45,8.11,-3.31,0.94,19648.33,0.92,1130798
1651592.0,oras-modern,9.31,8.37,-3.0,,31099.12,0.82,1497550
1650928.0,oras-modern,12.38,9.95,4.29,,39880.62,0.87,1628846
1545787.0,oras-modern,12.24,6.47,1.1,0.94,27324.35,0.98,1362982
772526.0,oras-modern,14.14,5.94,4.88,0.66,39384.59,0.9,840049
1443809.0,oras-modern,13.41,7.92,3.89,0.79,24155.68,0.79,1410882
417147.0,oras-modern,7.2,8.45,14.65,0.87,9245.59,0.86,440567
1277546.0,,7.24,8.56,5.36,0.69,12594.59,0.99,1137448
1121795.0,oras-industrial,8.58,,10.82,0.76,9839.3,0.78,1099328
1209567.0,oras-modern,2.57,7.45,8.29,1.0,38310.23,0.93,1215820
1658856.0,oras-modern,6.44,4.31,0.54,0.63,15974.66,0.95,1758174
732891.0,oras-modern,11.23,8.19,0.23,0.61,13653.69,0.86,708432
558242.0,oras-modern,11.15,8.43,0.55,0.59,13555.27,0.71,553323
1699414.0,oras-modern,12.01,5.98,0.37,0.62,8278.01,0.98,1644542
76712.0,oras-industrial,9.32,8.5,-2.39,0.63,,0.9,63669
1933307.0,oras-modern,9.79,9.66,4.47,0.71,17045.63,0.94,1966589
1224014.0,oras-modern,14.72,11.98,4.8,0.88,42823.11,0.93,1389376
273129.0,oras-industrial,12.74,5.91,5.51,0.77,50973.3,0.91,303839
828724.0,oras-modern,17.84,6.23,-2.11,0.93,17287.14,0.85,779337
890563.0,oras-modern,14.69,9.59,7.36,0.5,12763.18,0.72,943690
1915585.0,oras-modern,9.11,9.06,7.24,0.97,34070.32,0.99,1941980
978490.0,rural,8.67,7.38,8.7,0.59,29098.03,0.89,1002534
1195061.0,oras-modern,20.46,9.44,5.54,0.7,24268.81,0.93,1050666
1084017.0,oras-modern,11.88,9.78,6.04,0.92,6427.32,0.77,893021
860172.0,oras-modern,,8.47,5.33,0.82,30544.11,0.72,1022292
196929.0,oras-modern,12.96,12.11,-2.0,0.56,20379.97,0.75,186113
1184741.0,rural,10.89,5.47,-1.78,0.96,13494.65,0.81,1241022
1036515.0,oras-industrial,9.02,4.78,-4.19,0.93,15448.07,0.71,1088619
215321.0,oras-modern,13.37,,6.0,0.71,22269.26,0.81,238326
1088811.0,oras-industrial,16.06,7.63,-1.55,0.68,22787.85,0.72,976774
696906.0,oras-modern,10.34,8.5,-0.03,0.87,27996.61,0.89,722380
1905948.0,oras-modern,10.02,12.7,4.7,0.78,21455.96,0.79,2104648
10037.0,oras-industrial,11.37,5.32,9.51,0.51,17810.12,0.9,8288
424001.0,oras-industrial,14.47,10.81,2.51,0.52,10829.67,0.88,370903
182103.0,oras-modern,11.66,7.35,4.21,0.9,36185.32,0.78,186124
1512703.0,oras-modern,17.3,10.72,5.16,0.7,7526.25,0.82,1555082
873004.0,,11.46,11.13,3.18,0.57,44557.31,0.91,837539
516849.0,oras-industrial,7.15,5.24,-0.57,0.95,29702.85,0.88,569892
81478.0,rural,10.93,5.76,1.49,0.86,21057.42,0.76,87165
758156.0,oras-modern,9.21,2.82,5.54,0.69,34550.27,0.88,745580
1332601.0,rural,12.62,3.99,-2.39,0.57,22886.83,,1303867
1503610.0,rural,9.41,8.74,6.05,0.53,25331.37,0.96,1703951
1994837.0,oras-modern,12.99,6.89,-4.44,0.82,36596.81,0.7,2176962
1587494.0,rural,10.06,6.71,-7.86,0.81,10422.48,0.96,1140758
1673461.0,oras-modern,9.84,6.98,-0.96,0.87,35732.25,0.91,1829196
887519.0,oras-modern,7.35,5.0,2.65,0.82,21237.45,0.83,993062
1947242.0,rural,11.86,4.11,6.69,0.72,9257.03,0.92,2033624
468267.0,oras-modern,,,0.5,0.56,,0.74,443571
372177.0,oras-modern,10.34,7.81,9.13,,23852.81,0.86,362257
204898.0,rural,14.46,10.6,-0.41,0.8,36379.6,0.93,230589
768831.0,oras-modern,15.89,5.92,5.95,0.76,47965.19,0.97,852162
432546.0,oras-industrial,,5.38,2.7,0.65,18352.41,0.91,530536
,oras-modern,9.75,9.77,0.24,0.62,31171.59,0.79,821660
1017758.0,oras-industrial,14.31,7.6,1.03,0.65,26843.37,0.92,1123071
161108.0,oras-industrial,12.96,9.05,-0.06,0.53,19386.0,0.93,190464
364119.0,rural,7.13,8.76,6.52,0.84,35698.67,0.83,358192
332010.0,oras-modern,14.25,8.83,-1.09,0.68,31591.68,0.88,372892
1737186.0,rural,14.58,7.07,4.44,0.65,23952.3,0.7,1586810
516027.0,oras-modern,16.02,6.48,-0.7,0.77,40387.3,0.78,491663
364398.0,oras-industrial,15.62,7.93,-2.95,0.81,37963.69,0.96,399871
1825462.0,rural,15.92,8.31,4.03,0.5,24669.45,0.91,1709968
1856088.0,oras-modern,9.74,6.3,6.59,0.85,8737.3,0.96,1857037
922053.0,oras-modern,15.98,6.66,3.31,0.85,9648.57,0.97,942957
1374532.0,rural,13.43,7.65,7.43,0.72,43428.86,0.86,1722749
1896119.0,oras-industrial,13.04,10.8,1.12,0.79,32124.71,0.95,2196445
1182594.0,oras-modern,10.86,7.39,-0.44,0.75,21829.91,0.73,965675
1559536.0,oras-industrial,13.07,9.4,,0.51,22156.06,,1714150
1648136.0,oras-modern,17.21,6.21,3.36,0.56,15611.81,0.93,1781767
8466.0,oras-industrial,,4.35,4.47,0.81,54107.34,,7256
25427.0,oras-modern,11.22,,1.8,0.64,34783.11,0.93,24182
781077.0,oras-modern,8.5,11.66,2.64,0.51,16003.6,0.99,856777
787663.0,oras-industrial,11.85,5.78,5.55,0.94,27522.87,0.81,883416
1910246.0,,12.25,9.31,3.59,0.96,20405.33,0.96,1813195
567694.0,oras-industrial,12.16,3.43,-1.06,0.79,32068.26,0.85,558969
,oras-modern,,8.44,,0.73,63464.6,0.74,47167
708733.0,oras-industrial,,6.86,-2.41,0.57,20494.49,0.73,642282
469286.0,oras-industrial,8.86,7.54,-2.59,0.97,6340.83,0.82,440936
1296791.0,rural,13.65,7.5,-2.09,0.85,35943.32,0.89,1578090
838705.0,oras-modern,13.74,7.81,7.47,0.69,40031.15,0.96,888488
830510.0,,17.0,9.82,-0.11,0.63,40331.71,0.84,854471
1296573.0,oras-modern,16.69,6.98,1.02,0.69,18169.38,0.84,1380303
925491.0,oras-modern,11.47,4.36,-3.54,0.96,10726.52,0.97,870701
419290.0,rural,6.36,4.71,5.61,0.61,21663.74,0.74,470650
295183.0,oras-modern,13.53,8.83,1.9,0.61,18259.11,0.99,341178
991332.0,oras-modern,9.61,8.14,10.18,0.71,25499.17,0.93,1034780
1957577.0,oras-modern,12.44,8.28,5.24,0.69,32993.84,0.78,2347852
1747505.0,oras-industrial,12.18,7.28,0.77,0.72,31201.66,0.86,1906399
659146.0,rural,2.47,9.67,4.91,0.8,,0.73,674260
1044474.0,,11.53,8.58,-1.08,0.95,9805.15,0.97,956393
409316.0,oras-modern,14.41,5.48,6.53,0.97,11623.19,0.99,399033
177366.0,oras-modern,11.24,6.58,5.51,0.97,22900.05,0.84,209940
1013357.0,oras-modern,10.89,8.54,1.7,0.5,33338.79,0.9,983479
948323.0,oras-modern,12.38,7.41,4.07,0.93,8122.6,0.7,887389
1324012.0,oras-modern,13.79,6.88,-1.98,0.79,16845.01,0.89,1636333
343141.0,oras-modern,14.37,8.23,-3.05,0.7,39926.2,0.86,346676
919610.0,oras-industrial,11.13,3.32,7.35,0.82,29850.57,0.82,1019029
962948.0,oras-industrial,14.06,7.67,7.15,0.78,,0.9,967245
881718.0,oras-modern,10.92,6.69,-0.67,0.6,32221.7,0.82,866036
488933.0,oras-modern,11.46,7.94,3.41,0.54,10599.07,0.82,416195
,,13.54,9.18,8.2,0.6,27622.52,0.88,1495549
680489.0,rural,10.28,9.63,4.6,0.61,13296.58,0.96,761960
1746580.0,oras-industrial,9.66,,1.81,0.8,45963.36,,1930171
221800.0,rural,9.19,10.55,-4.01,0.64,13791.14,0.92,172645
440945.0,oras-modern,18.2,5.31,8.82,0.76,10822.37,0.74,515478
1488600.0,rural,14.34,5.93,1.19,0.73,46858.74,0.81,1481900
616784.0,oras-industrial,16.04,6.81,5.88,0.77,14755.27,0.95,746422
1673083.0,oras-modern,8.85,10.24,6.41,0.59,17833.21,0.9,1830766
138245.0,oras-industrial,8.43,8.51,0.07,0.93,34502.54,0.8,120713
1128466.0,oras-industrial,12.46,9.91,5.73,0.87,24967.67,0.93,1140990
747000.0,oras-industrial,16.27,9.05,0.04,0.54,13054.99,0.7,772613
929378.0,oras-modern,12.7,8.12,5.76,0.95,87442.24,0.96,1036245
481315.0,oras-modern,8.98,5.04,-4.11,0.67,17245.27,0.83,501925
751168.0,rural,13.13,8.81,6.36,0.99,19382.18,1.0,720019
618496.0,oras-industrial,9.53,11.82,-4.18,0.88,11683.57,0.88,673126
1639625.0,oras-modern,13.75,6.85,1.06,0.77,16300.06,0.77,1479446
613704.0,oras-industrial,12.12,6.45,2.85,0.91,37612.03,0.97,680607
400973.0,oras-industrial,9.11,8.05,8.01,0.95,11559.62,0.87,413783
410336.0,oras-industrial,9.06,7.78,6.57,0.61,20254.3,0.73,442682
28842.0,oras-industrial,13.97,9.93,3.54,0.76,23689.88,0.82,35723
1254231.0,oras-industrial,11.87,9.04,4.7,0.75,38487.01,0.98,1277744
1437252.0,oras-industrial,10.08,10.44,-0.12,0.9,13164.36,0.75,1591599
1499254.0,oras-modern,14.52,8.22,3.84,0.98,16310.94,0.75,1418033
995885.0,oras-modern,9.93,7.21,0.33,0.75,17415.17,0.89,1150690
266291.0,rural,10.15,10.32,-2.3,0.78,22041.8,0.86,267626
1301083.0,oras-modern,15.96,8.36,13.12,0.71,61069.38,0.71,1134654
,oras-modern,11.1,7.44,6.85,0.75,27025.71,0.75,213863
463310.0,oras-modern,13.07,6.47,1.38,0.77,19091.43,0.98,533695
1389084.0,oras-industrial,,8.5,5.42,0.88,16475.59,0.71,1338769
,oras-modern,18.49,7.53,0.97,0.99,18205.35,0.85,1472233
893604.0,oras-modern,10.77,8.09,4.3,0.91,47430.04,0.95,873148
681467.0,rural,16.32,10.34,6.91,0.98,33323.13,0.92,661271
1550094.0,oras-modern,10.4,8.64,2.08,0.57,24761.17,0.76,1667565
1713866.0,oras-industrial,15.5,9.37,-3.2,0.58,20416.76,0.76,1954413
1635172.0,oras-modern,9.18,10.85,-2.37,0.7,10306.88,0.94,1572057
369134.0,oras-industrial,12.27,8.59,0.06,0.71,20139.15,0.79,329208
1799917.0,oras-modern,13.56,10.24,7.91,0.98,20922.66,0.78,1997046
876803.0,oras-modern,13.24,5.08,0.07,0.88,22102.07,0.95,971548
680525.0,rural,18.72,8.22,-1.28,0.98,23627.53,0.77,763713
1030353.0,oras-modern,8.16,11.59,4.11,0.67,22375.18,0.78,917733
1971180.0,oras-modern,11.84,4.65,2.41,0.8,35334.96,0.91,2163706
321086.0,oras-modern,14.71,10.9,4.13,0.94,15958.74,0.87,318845
1128149.0,oras-industrial,16.79,9.82,-3.67,0.67,31551.44,0.76,1138813
404253.0,oras-industrial,6.47,9.35,-0.46,0.59,6812.79,0.75,391914
846211.0,rural,13.51,10.77,8.32,0.63,12318.26,0.84,904759
1078823.0,oras-modern,8.22,8.29,1.12,0.63,15687.88,0.89,1030602
1368537.0,oras-modern,6.03,5.6,6.07,0.95,24767.11,0.85,1713268
1302443.0,oras-modern,15.8,8.31,1.48,0.89,30726.43,0.79,1358210
1078389.0,oras-modern,14.65,6.54,10.36,0.77,20462.28,0.7,1039955
839803.0,oras-industrial,14.85,5.01,4.89,0.77,31212.94,0.91,935620
1363074.0,rural,7.36,6.58,5.42,0.58,82425.45,0.95,1695217
101648.0,oras-modern,11.21,6.85,-1.35,0.67,18250.8,0.91,117838
585350.0,oras-modern,5.09,8.15,1.08,0.6,14853.36,0.94,553273
1292449.0,oras-industrial,12.45,10.38,-0.04,0.71,14089.15,0.7,1074264
480157.0,oras-industrial,9.63,8.89,,0.78,29054.99,0.74,463949
,oras-modern,9.04,8.98,4.57,0.58,3105.03,0.96,1264578
1562733.0,,10.52,7.24,4.58,0.91,23925.63,0.88,1842439
43870.0,oras-industrial,6.41,4.68,4.3,0.74,20197.95,0.75,34120
1537304.0,oras-industrial,11.3,12.29,1.99,0.61,11120.1,0.81,1638407
391030.0,oras-modern,8.45,10.74,4.29,0.81,37991.78,0.8,432844
1646591.0,rural,9.94,10.5,4.82,0.52,21268.98,0.96,1742898
309805.0,rural,7.69,11.09,6.0,0.73,26961.39,0.71,340382
1618695.0,oras-modern,13.0,8.65,0.47,0.53,19938.55,0.89,1560872
657673.0,oras-industrial,11.2,10.22,2.79,0.85,20934.6,0.71,665420
1837325.0,oras-industrial,17.72,6.96,3.41,0.77,14767.42,0.72,1885876
1563214.0,oras-modern,7.18,,7.26,0.81,9998.63,0.88,1573669
1092884.0,oras-industrial,7.54,10.49,,0.54,37648.74,0.96,1126303
139490.0,oras-modern,7.63,7.85,0.26,0.61,6874.12,0.94,120927
341458.0,oras-modern,11.12,5.34,-0.14,0.71,22464.66,0.95,335780
1347459.0,rural,11.76,4.37,-0.37,0.92,26797.87,0.77,1462717
583486.0,rural,,7.19,0.1,0.76,29351.52,0.75,542890
,rural,,10.3,-1.01,0.71,14643.68,0.91,1029428
1702352.0,oras-industrial,14.85,5.32,1.85,0.67,,0.87,1984047
1543247.0,oras-modern,14.76,8.13,5.55,0.62,43373.21,0.77,1571068
1970869.0,oras-modern,11.87,7.21,-0.45,0.52,23983.49,0.7,2050546
614413.0,oras-industrial,,10.7,3.26,0.62,18710.88,0.72,645583
1429943.0,oras-modern,10.44,6.71,-5.87,0.64,31725.57,0.99,1524537
525891.0,,7.01,9.15,2.44,0.89,16476.93,0.82,496670
944178.0,rural,11.22,6.98,4.86,0.9,21401.9,0.87,1111673
1828171.0,oras-modern,8.72,8.94,5.37,0.69,23751.84,0.93,1703018
1125394.0,oras-modern,14.39,5.42,-2.47,0.51,14199.7,0.78,1254137
517754.0,oras-modern,10.66,8.43,-0.75,0.74,22708.65,0.99,494957
,oras-industrial,9.26,5.23,2.87,0.95,43833.87,0.92,6600
434531.0,oras-modern,15.09,4.94,1.09,0.86,41901.69,0.91,459709
1853665.0,oras-industrial,9.22,,2.6,0.54,32493.11,0.93,1998001
1266955.0,oras-modern,10.89,5.18,7.85,0.84,21945.16,0.71,1253873
141317.0,rural,12.75,8.84,5.95,0.8,41936.13,0.73,134540
1867350.0,rural,,10.32,-4.93,0.92,15622.76,0.9,1877631
1319642.0,oras-modern,14.52,8.06,,0.74,17982.26,0.73,1590305
1579085.0,rural,14.22,8.74,6.28,,36332.15,0.91,1510859
838210.0,oras-modern,9.05,9.82,10.6,0.93,32291.06,0.73,874037
662284.0,oras-modern,12.83,12.04,7.04,0.88,13830.71,0.75,613483
192409.0,oras-modern,14.89,7.17,3.55,0.83,9552.63,0.84,213693
1586765.0,oras-modern,12.53,9.1,4.14,0.51,30424.91,0.85,1725346
701767.0,oras-modern,,9.17,4.71,0.7,25678.77,0.78,794678
316646.0,oras-modern,12.2,4.27,-6.81,0.57,33188.89,0.81,345176
472608.0,oras-modern,15.5,8.94,0.92,0.73,25182.72,0.87,495817
1729035.0,,7.47,7.93,2.55,0.95,26122.5,0.79,1599761
885965.0,oras-modern,9.55,,2.45,0.59,29055.71,0.8,1036305
1520944.0,oras-modern,11.62,10.59,5.07,0.71,10458.4,0.86,1838706
1614892.0,,11.62,3.55,-7.34,0.67,28306.6,0.94,1671183
1176002.0,oras-modern,6.26,6.43,8.73,0.52,19801.09,0.9,1091311
,oras-modern,,9.01,4.16,0.58,17234.91,0.75,126088
1712447.0,oras-modern,8.3,5.01,3.28,,26595.7,0.76,1719730
605728.0,oras-modern,12.35,5.95,7.79,0.9,35338.21,0.73,602412
1775145.0,rural,5.76,7.86,1.29,0.63,49136.15,0.93,1784409
957210.0,oras-industrial,10.07,6.66,3.04,,18111.66,0.94,952643
1569513.0,oras-modern,14.06,10.67,-0.49,0.7,37590.37,0.89,1611071
705878.0,rural,18.12,8.25,1.49,0.79,,0.82,865257
423545.0,rural,10.23,9.32,0.57,0.72,20718.33,0.94,444990
733199.0,oras-industrial,,8.29,-1.23,0.87,32060.98,0.89,810147
1956669.0,oras-industrial,9.63,8.41,-5.42,0.68,14525.51,,1908835
1345139.0,oras-modern,12.76,7.26,3.25,0.98,46685.09,0.81,1179055
1442742.0,,12.52,10.05,2.97,0.75,19017.12,0.74,1728633
1708408.0,oras-modern,14.99,9.27,-1.77,0.59,83687.33,0.77,1908831
1019772.0,oras-modern,,4.52,4.42,0.83,51740.67,0.91,911517
1883655.0,oras-modern,12.68,9.28,-3.04,0.69,45364.79,0.75,2397197
1085225.0,oras-modern,10.18,9.39,5.79,0.53,13548.11,0.77,1093046
1160409.0,oras-modern,12.61,,4.3,0.66,13606.15,0.76,1349009
1763365.0,rural,12.4,10.2,9.29,0.92,24371.22,0.77,1957709
98708.0,oras-modern,9.56,6.98,0.04,0.74,13159.8,0.93,94273
852478.0,oras-industrial,12.74,8.12,2.4,0.7,13775.86,0.82,949770
1358518.0,oras-modern,11.82,,0.57,0.96,16715.63,0.81,1240397
,oras-modern,15.0,7.48,7.3,0.81,52533.24,0.98,1173300
963242.0,oras-modern,12.39,9.07,0.88,0.67,15749.6,0.78,1031717
1037307.0,oras-industrial,14.26,6.6,9.42,0.78,33412.2,0.71,926758
207327.0,rural,11.75,9.22,0.19,0.71,27136.44,0.91,219724
1605124.0,oras-modern,11.88,8.64,0.55,0.66,12738.87,0.83,1522955
1148193.0,oras-industrial,13.81,8.56,,0.8,17430.02,0.83,1269039
1998902.0,oras-industrial,14.33,8.53,3.78,0.99,11903.53,0.83,2239118
15738.0,oras-modern,8.22,12.26,1.97,0.69,18521.37,0.84,17940
652019.0,rural,7.36,10.89,-0.64,0.53,21142.36,0.95,680399
954812.0,oras-modern,8.61,10.71,7.91,0.68,25954.53,0.86,1135548
1176433.0,oras-modern,8.7,7.14,5.35,0.61,10767.64,0.79,1327003
804342.0,oras-modern,6.67,9.11,1.98,0.67,24984.15,0.73,820046
1092040.0,rural,8.27,7.41,-0.8,0.75,22335.96,0.87,1250048
1843412.0,oras-industrial,11.45,7.58,1.92,0.54,34551.62,0.72,1979875
66302.0,rural,14.75,6.52,3.85,0.55,35096.91,0.86,66615
540113.0,rural,13.42,8.66,1.92,0.78,24521.46,0.72,547018
122508.0,,10.37,6.66,-1.29,0.93,18857.21,0.88,117429
318095.0,oras-industrial,16.76,7.0,2.0,0.73,18917.66,0.82,306140
1482251.0,,13.56,5.78,3.89,0.59,10166.29,0.7,1409258
1161144.0,oras-modern,9.55,5.54,-3.42,0.96,14554.71,0.85,1185330
950228.0,oras-modern,12.01,5.77,-2.14,0.82,29667.24,0.83,1023924
1387693.0,,10.0,7.78,-7.34,0.82,18073.07,0.76,1422162
1328124.0,oras-modern,11.56,8.35,-2.61,0.9,28622.22,0.87,1251690
1882485.0,rural,13.32,11.0,7.58,0.76,39796.19,0.74,1901893
473528.0,rural,12.6,7.66,2.86,0.95,49798.24,0.77,481934
1879029.0,oras-modern,12.32,4.23,1.47,0.65,17234.08,0.98,2064023
801626.0,oras-industrial,,4.54,0.79,0.97,24740.19,0.7,866533
867387.0,rural,,10.06,-6.54,0.61,36914.69,0.72,1000488
1490361.0,oras-modern,11.13,6.63,3.86,0.58,35058.47,0.86,1255317
901071.0,rural,20.58,7.11,6.48,0.64,35024.09,0.96,948613
774882.0,oras-modern,4.48,6.81,8.05,0.65,24191.31,0.88,744879
442681.0,oras-modern,12.82,11.74,7.24,0.74,17202.53,0.76,521477
484214.0,oras-industrial,11.0,8.41,2.46,0.56,27554.25,0.87,575014
1157285.0,rural,10.75,6.45,7.49,0.95,58275.02,0.93,1042838
648587.0,oras-modern,15.55,9.85,2.89,0.98,12833.7,0.87,721800
1192914.0,oras-modern,8.57,8.76,-0.28,0.56,13234.79,0.85,1084418
889308.0,rural,10.55,9.37,3.41,0.82,38412.9,0.8,1008243
1535346.0,oras-modern,10.81,6.93,0.56,0.82,25984.09,0.89,1462836
1687753.0,oras-modern,12.81,10.92,-2.04,0.64,34239.62,0.8,1791866
830207.0,oras-modern,10.05,9.11,5.59,0.95,14883.27,0.72,868787
74140.0,oras-industrial,12.99,5.87,3.34,0.83,7181.24,0.91,76456
,oras-modern,5.85,7.89,0.97,0.63,21948.46,0.76,1051613
1714098.0,oras-modern,6.84,6.93,0.13,0.8,22278.11,0.71,2140198
,oras-industrial,13.71,10.18,-3.73,0.65,49396.19,0.88,735841
381860.0,oras-industrial,15.18,8.24,-2.21,0.58,22613.95,0.86,357374
301346.0,oras-modern,12.52,5.52,1.55,0.67,30144.07,0.99,332730
1810143.0,oras-industrial,13.29,,-0.04,0.77,17160.66,0.73,2003424
1351740.0,oras-modern,12.51,8.4,3.23,0.82,18131.59,0.83,1426448
142520.0,oras-industrial,12.21,6.53,2.42,0.92,20928.0,0.85,171563
52042.0,oras-industrial,,10.59,6.65,0.84,14869.63,0.76,57395
,oras-industrial,8.71,12.92,6.52,0.65,10938.36,0.91,1260518
30353.0,oras-modern,7.88,11.33,3.6,0.67,35281.2,0.8,34915
1192074.0,oras-industrial,12.04,8.43,2.89,0.78,34380.22,0.97,1139852
,oras-modern,16.0,8.33,1.69,0.92,15457.57,,1768182
1707764.0,rural,12.41,8.89,-1.78,0.76,22078.69,0.77,2000575
494193.0,oras-modern,12.02,7.19,3.13,0.88,26878.79,0.76,547102
1820385.0,oras-modern,15.4,8.9,1.87,0.79,34283.96,,2174869
1275645.0,oras-industrial,17.48,8.18,-5.4,0.82,23559.74,0.75,1209187
1578476.0,rural,11.08,3.43,-2.05,0.93,22907.3,0.83,1668705
,oras-modern,12.87,6.9,4.51,0.72,165151.69,0.94,778280
96204.0,rural,10.73,8.62,-1.73,0.85,8696.34,0.83,105235
,oras-modern,13.95,8.0,1.3,,40537.24,0.94,1198320
47506.0,oras-modern,15.02,9.2,4.23,0.82,12437.2,0.95,42970
353172.0,oras-industrial,8.45,11.96,-0.76,0.53,22708.19,0.77,360971
1763824.0,,11.66,7.74,-1.83,0.74,67467.63,0.98,1850034
179305.0,oras-industrial,11.6,10.91,10.78,0.8,10765.79,0.82,212417
1867053.0,rural,12.25,11.1,0.8,0.64,16028.35,0.95,1696919
1729583.0,,12.94,8.01,2.78,0.8,27425.12,0.94,1643112
1193768.0,oras-modern,13.28,,5.02,0.95,21881.6,0.95,1291186
850178.0,,11.21,7.87,5.66,0.8,22967.11,0.71,712729
,,9.07,8.18,-6.94,0.51,21410.61,,1313509
1381355.0,oras-modern,10.72,7.41,2.87,0.76,14595.26,0.84,1383807
716897.0,oras-modern,16.65,7.29,3.67,0.64,16141.42,0.83,838369
728250.0,oras-modern,13.36,8.01,4.25,0.77,17204.06,0.92,833048
261344.0,oras-modern,,9.16,3.76,0.86,30760.13,0.92,312274
1577050.0,oras-modern,,4.81,2.67,0.56,12665.32,0.88,1687187
1501852.0,oras-industrial,9.94,5.85,4.92,0.52,15767.29,0.88,1335967
1492582.0,oras-modern,13.9,4.93,-2.29,1.0,23655.68,0.79,1478936
463396.0,rural,13.28,8.59,-1.84,0.59,25678.15,0.93,419362
1579472.0,rural,14.93,9.55,0.99,0.93,51579.95,0.91,1737105
1501338.0,oras-industrial,15.55,9.07,0.26,0.64,20183.15,0.78,1565435
35105.0,rural,17.09,7.28,5.68,0.79,14723.4,0.91,38862
489248.0,rural,8.99,8.84,4.04,0.67,13046.19,0.9,526835
1388975.0,oras-industrial,12.92,10.05,3.87,0.59,29210.19,0.75,1484354
1851506.0,rural,13.17,9.43,-1.09,0.73,12365.31,0.93,1681269
1430692.0,rural,,6.82,1.32,0.89,34271.36,0.91,1518301
297504.0,oras-modern,12.27,4.68,7.13,0.89,26224.04,0.94,303803
672282.0,oras-industrial,10.98,6.88,1.5,0.86,22945.35,0.93,617324
463435.0,oras-modern,13.9,6.6,5.18,,46147.15,0.76,415325
642100.0,oras-industrial,11.13,6.4,1.83,0.62,,0.87,594297
53851.0,oras-industrial,10.97,12.42,5.82,0.69,40357.69,0.8,53842
1899701.0,oras-modern,14.8,6.36,0.99,0.6,27443.87,0.92,1559821
1425086.0,oras-industrial,13.75,8.4,6.11,0.66,24394.07,0.82,1371969
1397640.0,oras-modern,7.55,7.7,3.35,0.61,12194.9,0.83,1645482
64530.0,oras-industrial,15.24,8.5,3.3,0.52,31507.91,0.9,60974
517707.0,oras-modern,8.98,3.72,7.66,0.96,39485.89,0.97,553457
1510158.0,oras-modern,11.08,10.04,1.73,0.89,14876.55,0.74,1542381
502371.0,oras-modern,10.17,6.9,-2.41,0.65,36259.22,0.73,520510
969451.0,oras-industrial,16.28,6.58,4.61,0.82,17853.59,1.0,963981
1490241.0,oras-modern,12.78,6.35,-1.07,0.5,30086.93,0.84,1634575
1442638.0,oras-industrial,11.91,4.96,1.02,0.88,16431.28,0.84,1634836
319259.0,oras-modern,12.61,12.04,7.23,0.77,25822.9,0.95,319573
587818.0,rural,15.23,,2.36,0.56,20383.16,0.99,605094
1055674.0,oras-modern,12.19,10.07,3.24,0.69,25685.07,0.78,1077589
1428602.0,rural,7.57,8.86,1.39,0.55,30325.65,0.8,1353158
1615598.0,oras-modern,11.51,10.79,1.66,0.77,30588.93,0.91,1796439
1514396.0,oras-industrial,12.97,7.39,5.03,0.64,27652.89,0.96,1596291
470579.0,rural,13.64,11.89,8.65,0.84,29160.79,0.78,538049
1459710.0,oras-industrial,11.29,8.91,7.0,0.96,24429.2,0.7,1499118
1309704.0,oras-modern,4.94,4.86,-1.29,0.52,15785.51,0.93,1294658
1354092.0,rural,15.27,9.06,3.03,0.67,18669.7,0.85,1470536
1600757.0,rural,7.69,8.07,5.43,0.73,5924.5,0.74,1813830
345073.0,oras-modern,12.83,6.4,3.24,0.86,34083.68,0.75,351014
1225290.0,oras-modern,9.71,8.99,-1.64,0.59,33936.31,0.85,1203715
1438825.0,oras-industrial,11.73,6.02,2.82,,17099.14,0.73,1548716
1536532.0,oras-modern,12.03,8.47,5.73,0.57,34519.66,0.94,1627899
1677975.0,oras-modern,,8.75,3.72,0.59,28864.65,0.83,1602448
1531902.0,oras-modern,15.42,8.36,3.09,0.64,35949.24,0.82,1984007
,oras-modern,17.34,9.86,4.34,1.0,27890.71,0.73,1794336
97311.0,,12.34,6.8,3.66,0.52,26688.33,,97854
1415956.0,rural,,5.84,-2.58,0.63,30383.71,0.86,1425372
,oras-industrial,13.96,8.79,5.72,0.71,21431.97,0.76,1076245
954286.0,oras-industrial,8.05,4.75,6.07,0.97,50608.45,0.78,1103099
1376905.0,rural,14.83,11.73,-0.64,0.64,29620.12,0.78,1524778
1490830.0,oras-modern,14.97,7.11,6.45,0.67,15789.85,0.89,1354713
1938181.0,oras-modern,14.22,9.02,0.91,0.75,19244.21,0.75,1982348
1255566.0,oras-modern,13.6,8.92,10.22,0.53,9353.61,0.79,1424030
1619438.0,rural,10.78,9.07,0.56,0.55,54556.22,0.95,1494071
1409838.0,oras-modern,7.26,6.28,0.32,0.59,21299.36,0.75,1309579
312531.0,rural,11.83,9.59,-5.11,0.63,4390.4,0.78,306909
